Student_ID,Name,Age,Gender,Caste,Area,State,Grade,Performance,Attendance_Percentage,Subjects_Failed,Learning_Disability/Support_Needed,Type_of_School,Dropout_Status
S001,Saanvi Kumar,6,Female,General,Semi-urban,Maharashtra,9,Excellent,58.23,3,Yes,Government,1
S002,Aditya Singh,6,Male,SC,Rural,Uttar Pradesh,3,Excellent,51.03,1,Yes,Private,0
S003,Riya Singh,10,Male,General,Urban,Bihar,10,Good,59.28,4,Yes,Government,0
S004,Ira Singh,13,Male,OBC,Semi-urban,Rajasthan,4,Poor,97.53,1,No,Government,1
S005,Aditya Sharma,18,Male,OBC,Rural,Bihar,11,Poor,85.75,3,No,Aided,0
S006,Kavya Singh,14,Male,OBC,Rural,Bihar,1,Poor,54.92,3,No,Government,0
S007,Ishaan Das,18,Male,ST,Semi-urban,Karnataka,12,Excellent,82.18,2,Yes,Private,1
S008,Aryan Patel,13,Female,OBC,Rural,Rajasthan,12,Good,43.84,0,No,Government,1
S009,Aarav Patel,16,Male,SC,Rural,Tamil Nadu,3,Excellent,53.41,5,Yes,Aided,0
S010,Vivaan Das,16,Female,OBC,Urban,Karnataka,1,Poor,51.11,5,Yes,Government,0
S011,Aarohi Reddy,17,Female,General,Rural,Bihar,1,Excellent,68.76,3,Yes,Government,1
S012,Riya Das,12,Male,SC,Urban,Karnataka,9,Average,96.47,5,No,Government,0
S013,Vihaan Reddy,11,Male,General,Rural,Kerala,4,Poor,48.9,4,Yes,Aided,1
S014,Sai Das,16,Female,SC,Rural,Tamil Nadu,7,Average,53.38,2,No,Government,0
S015,Krishna Sharma,11,Male,General,Urban,Kerala,2,Good,77.87,2,No,Private,0
S016,Saanvi Sharma,12,Male,ST,Semi-urban,Kerala,6,Excellent,94.9,3,Yes,Aided,0
S017,Aarav Reddy,16,Female,SC,Rural,Gujarat,12,Good,66.66,2,Yes,Aided,1
S018,Ira Sharma,6,Female,OBC,Rural,Tamil Nadu,6,Poor,92.86,3,Yes,Government,1
S019,Saanvi Patel,16,Male,SC,Rural,Gujarat,6,Excellent,94.44,2,No,Private,1
S020,Diya Reddy,12,Female,ST,Rural,Maharashtra,1,Poor,75.61,0,Yes,Private,1
S021,Aditya Singh,10,Female,General,Urban,Bihar,6,Excellent,62.29,1,No,Government,0
S022,Myra Sharma,6,Male,OBC,Rural,Tamil Nadu,8,Excellent,79.63,4,No,Government,0
S023,Diya Patel,7,Male,SC,Semi-urban,Rajasthan,12,Average,56.43,4,Yes,Government,0
S024,Anika Das,9,Female,ST,Semi-urban,Karnataka,12,Average,90.6,4,Yes,Aided,1
S025,Diya Das,14,Female,ST,Semi-urban,Gujarat,9,Poor,54.1,1,No,Aided,0
S026,Kavya Singh,6,Male,SC,Urban,Karnataka,1,Poor,84.84,5,Yes,Aided,0
S027,Kavya Patel,9,Male,SC,Urban,Tamil Nadu,4,Good,83.53,5,No,Government,1
S028,Diya Patel,15,Female,ST,Semi-urban,Maharashtra,11,Average,68.64,5,Yes,Government,1
S029,Ananya Patel,10,Male,OBC,Urban,Kerala,10,Average,60.21,3,Yes,Private,0
S030,Diya Sharma,10,Female,General,Rural,Gujarat,7,Poor,73.83,3,Yes,Government,1
S031,Ananya Sharma,11,Male,SC,Rural,Gujarat,7,Excellent,82.39,3,Yes,Government,0
S032,Aditya Reddy,16,Male,SC,Urban,Bihar,2,Excellent,90.09,2,No,Private,0
S033,Aadhya Singh,6,Male,OBC,Rural,Bihar,12,Average,57.99,2,Yes,Private,1
S034,Krishna Singh,12,Female,General,Semi-urban,Bihar,4,Excellent,86.15,0,No,Private,1
S035,Ira Reddy,8,Female,SC,Semi-urban,Gujarat,7,Good,44.81,4,No,Private,0
S036,Ishaan Reddy,15,Female,OBC,Semi-urban,Gujarat,3,Poor,84.01,1,Yes,Private,1
S037,Rohan Patel,9,Female,OBC,Urban,Uttar Pradesh,9,Excellent,62.92,4,Yes,Private,1
S038,Aarohi Kumar,14,Female,SC,Semi-urban,Bihar,4,Poor,94.78,5,No,Aided,0
S039,Saanvi Reddy,10,Female,OBC,Rural,Karnataka,4,Poor,63.02,5,Yes,Government,1
S040,Vivaan Kumar,6,Male,OBC,Urban,Bihar,4,Poor,76.0,0,Yes,Aided,1
S041,Sai Reddy,13,Female,SC,Urban,Bihar,6,Poor,59.15,3,Yes,Aided,0
S042,Riya Singh,6,Male,ST,Urban,Karnataka,1,Good,51.64,2,Yes,Aided,0
S043,Ananya Kumar,8,Male,SC,Urban,Gujarat,5,Excellent,68.06,2,Yes,Aided,0
S044,Aarav Reddy,17,Male,ST,Urban,Uttar Pradesh,6,Excellent,97.59,1,Yes,Aided,1
S045,Aarohi Sharma,7,Male,SC,Rural,Tamil Nadu,4,Excellent,42.63,0,Yes,Private,1
S046,Aarav Reddy,17,Male,SC,Semi-urban,Kerala,11,Good,41.4,2,No,Government,1
S047,Aarav Kumar,8,Female,ST,Rural,Karnataka,1,Average,98.69,2,No,Government,1
S048,Vivaan Kumar,11,Female,SC,Semi-urban,Maharashtra,11,Good,82.53,4,Yes,Government,1
S049,Vihaan Patel,18,Female,General,Semi-urban,Gujarat,10,Average,98.34,4,Yes,Aided,0
S050,Aarohi Das,8,Female,General,Semi-urban,Uttar Pradesh,4,Average,96.92,0,Yes,Aided,1
S051,Sai Patel,13,Male,General,Semi-urban,Bihar,11,Excellent,68.37,5,Yes,Government,1
S052,Ira Kumar,8,Female,ST,Urban,Maharashtra,1,Poor,71.77,0,No,Government,0
S053,Aarohi Singh,17,Male,ST,Urban,Uttar Pradesh,3,Poor,66.05,0,No,Aided,0
S054,Vivaan Sharma,14,Male,OBC,Urban,Bihar,8,Poor,64.21,3,No,Private,1
S055,Vihaan Singh,12,Female,OBC,Semi-urban,Tamil Nadu,7,Excellent,77.17,5,No,Aided,1
S056,Aryan Sharma,16,Male,OBC,Semi-urban,Rajasthan,3,Average,90.74,1,No,Aided,1
S057,Aryan Singh,10,Female,SC,Semi-urban,Gujarat,2,Poor,94.51,0,Yes,Aided,0
S058,Myra Kumar,11,Male,SC,Semi-urban,Tamil Nadu,4,Average,64.4,5,Yes,Government,0
S059,Myra Kumar,18,Female,SC,Rural,Tamil Nadu,10,Excellent,69.4,5,Yes,Government,1
S060,Arjun Sharma,7,Male,OBC,Semi-urban,Tamil Nadu,8,Good,87.11,3,Yes,Government,0
S061,Rohan Reddy,16,Female,General,Urban,Bihar,4,Average,96.54,2,Yes,Private,0
S062,Kavya Kumar,9,Male,OBC,Semi-urban,Gujarat,10,Excellent,80.29,5,Yes,Private,1
S063,Aarav Patel,9,Male,OBC,Semi-urban,Gujarat,6,Average,87.59,3,No,Government,0
S064,Aditya Kumar,18,Male,OBC,Urban,Tamil Nadu,2,Poor,95.03,5,Yes,Aided,1
S065,Sai Reddy,7,Male,OBC,Urban,Bihar,3,Poor,41.43,1,No,Government,1
S066,Arjun Kumar,14,Male,OBC,Urban,Uttar Pradesh,6,Average,63.33,4,Yes,Private,1
S067,Ananya Kumar,8,Male,SC,Urban,Uttar Pradesh,6,Good,45.14,3,No,Government,0
S068,Krishna Patel,10,Female,ST,Rural,Gujarat,6,Average,80.02,5,Yes,Government,0
S069,Arjun Singh,13,Female,General,Semi-urban,Kerala,5,Good,97.53,4,No,Private,1
S070,Aryan Kumar,9,Female,ST,Rural,Bihar,4,Excellent,51.65,5,Yes,Private,1
S071,Diya Singh,12,Female,General,Urban,Tamil Nadu,11,Good,88.12,0,Yes,Aided,1
S072,Ishaan Sharma,11,Female,OBC,Semi-urban,Bihar,11,Good,93.34,3,No,Private,0
S073,Myra Sharma,16,Male,SC,Semi-urban,Gujarat,1,Poor,90.47,4,No,Government,0
S074,Saanvi Reddy,8,Female,SC,Rural,Kerala,11,Good,67.84,0,Yes,Private,0
S075,Aarav Patel,18,Female,ST,Rural,Uttar Pradesh,11,Average,49.78,0,No,Aided,0
S076,Aadhya Singh,17,Female,ST,Urban,Gujarat,7,Good,64.34,4,No,Government,0
S077,Aarohi Patel,11,Male,ST,Semi-urban,Gujarat,9,Average,92.47,1,No,Aided,0
S078,Diya Kumar,9,Female,OBC,Urban,Tamil Nadu,2,Excellent,44.8,1,No,Aided,1
S079,Anika Patel,8,Female,SC,Urban,Uttar Pradesh,3,Excellent,78.92,4,No,Private,0
S080,Aadhya Patel,18,Male,ST,Semi-urban,Uttar Pradesh,8,Poor,85.72,3,Yes,Government,0
S081,Krishna Patel,18,Female,ST,Semi-urban,Uttar Pradesh,12,Good,91.83,5,No,Aided,1
S082,Rohan Das,11,Female,OBC,Semi-urban,Karnataka,12,Good,74.13,2,Yes,Government,0
S083,Aditya Reddy,11,Female,ST,Urban,Karnataka,5,Excellent,76.75,0,No,Private,1
S084,Kavya Reddy,6,Male,OBC,Rural,Uttar Pradesh,5,Average,50.47,0,No,Aided,0
S085,Arjun Singh,7,Female,OBC,Rural,Uttar Pradesh,12,Poor,51.38,1,Yes,Aided,1
S086,Anika Patel,18,Male,General,Rural,Rajasthan,9,Average,62.06,2,No,Aided,1
S087,Aarav Reddy,18,Male,ST,Urban,Bihar,9,Good,65.02,3,No,Private,0
S088,Ananya Das,11,Female,OBC,Urban,Uttar Pradesh,6,Good,50.36,4,No,Aided,1
S089,Saanvi Reddy,16,Male,ST,Urban,Bihar,8,Excellent,95.61,0,No,Government,0
S090,Kavya Kumar,17,Male,General,Rural,Gujarat,1,Excellent,69.86,1,No,Aided,1
S091,Krishna Patel,12,Male,ST,Rural,Karnataka,8,Poor,65.11,3,Yes,Private,0
S092,Diya Kumar,18,Male,OBC,Urban,Uttar Pradesh,6,Good,53.29,0,No,Government,0
S093,Diya Reddy,11,Male,ST,Rural,Maharashtra,10,Average,68.19,1,Yes,Government,1
S094,Aryan Patel,17,Female,OBC,Semi-urban,Maharashtra,4,Average,62.14,1,No,Government,1
S095,Ishaan Singh,15,Female,OBC,Rural,Bihar,2,Excellent,48.18,3,No,Private,1
S096,Anika Reddy,14,Female,General,Semi-urban,Maharashtra,11,Excellent,58.08,2,No,Government,0
S097,Aarohi Kumar,8,Female,General,Semi-urban,Bihar,7,Excellent,68.08,4,Yes,Government,0
S098,Aditya Reddy,15,Female,SC,Rural,Gujarat,8,Good,40.84,0,Yes,Aided,1
S099,Arjun Patel,9,Male,ST,Semi-urban,Maharashtra,2,Excellent,71.68,4,No,Government,1
S100,Vivaan Patel,12,Male,ST,Semi-urban,Kerala,10,Average,69.96,5,Yes,Government,1
S101,Myra Reddy,10,Male,General,Rural,Maharashtra,2,Poor,86.62,2,No,Government,0
S102,Vihaan Reddy,16,Female,ST,Urban,Tamil Nadu,2,Average,62.36,1,Yes,Government,0
S103,Aarohi Kumar,9,Female,ST,Semi-urban,Rajasthan,9,Excellent,42.03,5,Yes,Aided,0
S104,Aadhya Das,14,Female,SC,Urban,Rajasthan,6,Average,88.99,0,Yes,Aided,1
S105,Myra Singh,13,Female,OBC,Urban,Uttar Pradesh,4,Average,59.98,4,Yes,Aided,1
S106,Vivaan Patel,6,Female,OBC,Rural,Rajasthan,1,Excellent,84.76,0,No,Private,0
S107,Aditya Patel,16,Male,SC,Urban,Kerala,5,Excellent,54.79,4,No,Government,1
S108,Aarohi Sharma,8,Male,General,Rural,Tamil Nadu,2,Poor,87.26,2,Yes,Private,1
S109,Ira Kumar,16,Male,SC,Urban,Karnataka,3,Good,68.34,1,No,Private,1
S110,Ananya Sharma,17,Female,SC,Urban,Uttar Pradesh,9,Good,62.17,2,Yes,Aided,1
S111,Diya Das,18,Male,ST,Urban,Uttar Pradesh,9,Excellent,87.6,5,Yes,Government,0
S112,Ananya Patel,18,Female,OBC,Urban,Maharashtra,6,Poor,93.79,1,No,Government,0
S113,Anika Patel,8,Female,ST,Semi-urban,Bihar,6,Good,53.69,3,Yes,Aided,1
S114,Diya Das,6,Female,General,Rural,Maharashtra,10,Excellent,62.93,1,Yes,Government,1
S115,Saanvi Patel,6,Male,General,Semi-urban,Bihar,8,Excellent,97.2,2,No,Government,0
S116,Ira Das,10,Female,SC,Semi-urban,Bihar,7,Excellent,59.35,3,Yes,Private,1
S117,Diya Singh,8,Male,General,Semi-urban,Gujarat,5,Excellent,41.38,5,Yes,Aided,1
S118,Rohan Sharma,13,Female,General,Rural,Tamil Nadu,12,Excellent,68.2,0,No,Private,0
S119,Ira Singh,14,Female,General,Semi-urban,Karnataka,1,Poor,94.6,3,Yes,Aided,0
S120,Ananya Singh,8,Female,General,Urban,Kerala,7,Excellent,74.59,5,No,Aided,1
S121,Krishna Kumar,14,Male,OBC,Semi-urban,Rajasthan,12,Poor,76.61,1,No,Aided,0
S122,Diya Singh,10,Female,OBC,Urban,Tamil Nadu,12,Average,73.41,3,Yes,Government,1
S123,Myra Patel,11,Female,OBC,Semi-urban,Uttar Pradesh,6,Good,87.76,2,No,Aided,1
S124,Diya Singh,18,Male,ST,Urban,Rajasthan,4,Excellent,58.17,2,No,Aided,1
S125,Aarav Sharma,11,Male,ST,Semi-urban,Rajasthan,5,Good,84.45,0,Yes,Government,0
S126,Arjun Patel,6,Male,General,Urban,Gujarat,11,Average,67.42,5,Yes,Private,0
S127,Anika Sharma,11,Female,General,Semi-urban,Rajasthan,4,Poor,62.59,1,No,Private,1
S128,Saanvi Patel,15,Female,ST,Urban,Kerala,9,Excellent,70.11,4,Yes,Government,0
S129,Ishaan Das,8,Female,General,Urban,Gujarat,8,Poor,90.46,4,No,Government,1
S130,Aadhya Das,13,Male,General,Urban,Kerala,11,Average,55.15,3,No,Private,1
S131,Aadhya Patel,9,Male,General,Urban,Gujarat,4,Excellent,86.1,4,No,Aided,0
S132,Myra Singh,8,Female,OBC,Semi-urban,Gujarat,10,Poor,83.38,0,Yes,Government,0
S133,Aadhya Sharma,17,Male,SC,Rural,Bihar,5,Average,89.07,4,Yes,Private,1
S134,Vivaan Patel,16,Female,ST,Urban,Karnataka,1,Average,64.47,4,Yes,Government,0
S135,Vihaan Sharma,12,Female,SC,Urban,Gujarat,6,Good,76.71,2,No,Government,1
S136,Arjun Reddy,8,Male,SC,Rural,Rajasthan,10,Average,88.71,4,No,Aided,1
S137,Vivaan Kumar,17,Female,General,Rural,Bihar,7,Average,80.93,3,Yes,Government,0
S138,Aryan Kumar,12,Female,ST,Semi-urban,Gujarat,8,Poor,65.29,1,No,Private,0
S139,Ira Patel,10,Female,OBC,Urban,Maharashtra,7,Good,72.07,0,Yes,Government,1
S140,Diya Reddy,14,Female,OBC,Rural,Bihar,11,Excellent,85.83,3,Yes,Aided,0
S141,Aarav Reddy,7,Female,General,Urban,Bihar,9,Poor,84.64,1,Yes,Government,1
S142,Anika Kumar,8,Female,SC,Urban,Karnataka,8,Excellent,48.83,4,No,Government,1
S143,Vivaan Das,8,Male,OBC,Rural,Rajasthan,8,Poor,86.43,3,Yes,Aided,0
S144,Krishna Sharma,18,Female,OBC,Urban,Uttar Pradesh,10,Average,92.06,0,No,Aided,1
S145,Aarohi Das,18,Male,ST,Urban,Tamil Nadu,11,Average,55.26,3,No,Government,0
S146,Vivaan Sharma,12,Male,OBC,Urban,Kerala,2,Good,65.13,5,Yes,Private,1
S147,Ananya Sharma,12,Male,ST,Semi-urban,Bihar,1,Average,70.89,0,No,Government,0
S148,Riya Patel,16,Female,SC,Rural,Karnataka,12,Poor,90.02,5,Yes,Government,1
S149,Diya Singh,15,Female,General,Urban,Gujarat,5,Poor,90.57,1,Yes,Private,0
S150,Ira Reddy,15,Female,SC,Urban,Tamil Nadu,12,Average,67.16,0,No,Government,0
S151,Anika Kumar,14,Female,ST,Rural,Maharashtra,12,Good,65.47,2,Yes,Government,0
S152,Ananya Singh,15,Male,General,Rural,Maharashtra,6,Poor,40.11,4,No,Government,1
S153,Aarav Kumar,11,Male,ST,Semi-urban,Kerala,2,Good,92.78,3,Yes,Government,1
S154,Myra Patel,7,Male,SC,Semi-urban,Bihar,5,Good,95.18,5,No,Private,1
S155,Rohan Patel,18,Male,ST,Semi-urban,Kerala,9,Average,60.84,5,No,Aided,0
S156,Sai Das,9,Female,OBC,Urban,Kerala,8,Average,79.04,3,No,Government,1
S157,Anika Reddy,15,Female,General,Semi-urban,Karnataka,1,Excellent,49.5,2,No,Government,0
S158,Krishna Reddy,13,Male,ST,Semi-urban,Karnataka,4,Average,89.31,2,Yes,Aided,1
S159,Saanvi Das,10,Female,ST,Urban,Maharashtra,8,Excellent,44.8,4,No,Private,0
S160,Aryan Singh,11,Female,General,Semi-urban,Bihar,11,Poor,60.0,0,Yes,Aided,0
S161,Kavya Das,9,Female,OBC,Rural,Uttar Pradesh,10,Good,92.96,3,Yes,Aided,0
S162,Diya Das,11,Male,General,Rural,Maharashtra,5,Excellent,48.79,3,No,Government,1
S163,Ira Reddy,18,Male,SC,Semi-urban,Bihar,10,Excellent,72.12,3,Yes,Aided,1
S164,Riya Kumar,15,Female,General,Semi-urban,Maharashtra,1,Good,70.37,2,No,Aided,1
S165,Kavya Patel,14,Female,OBC,Urban,Uttar Pradesh,1,Poor,93.73,0,No,Private,1
S166,Myra Sharma,14,Male,OBC,Urban,Karnataka,6,Excellent,53.95,3,Yes,Aided,0
S167,Krishna Singh,12,Male,SC,Semi-urban,Tamil Nadu,10,Excellent,89.27,5,No,Private,1
S168,Aarohi Patel,6,Male,General,Semi-urban,Uttar Pradesh,3,Excellent,50.0,3,Yes,Private,0
S169,Riya Sharma,10,Male,SC,Urban,Uttar Pradesh,6,Excellent,84.76,2,No,Government,1
S170,Anika Das,9,Male,General,Semi-urban,Bihar,8,Good,42.38,1,No,Government,0
S171,Saanvi Singh,12,Female,ST,Urban,Maharashtra,11,Poor,46.6,2,Yes,Private,0
S172,Aadhya Patel,6,Male,SC,Urban,Karnataka,10,Excellent,51.53,4,Yes,Private,1
S173,Aryan Sharma,11,Female,General,Urban,Uttar Pradesh,7,Poor,45.47,0,Yes,Aided,0
S174,Rohan Reddy,8,Male,ST,Semi-urban,Uttar Pradesh,6,Poor,69.54,0,No,Private,0
S175,Kavya Kumar,17,Male,General,Urban,Bihar,12,Average,83.46,4,No,Private,1
S176,Ira Singh,17,Male,ST,Urban,Bihar,4,Good,52.82,5,Yes,Aided,1
S177,Aadhya Patel,15,Female,OBC,Rural,Uttar Pradesh,7,Average,40.72,3,No,Government,1
S178,Vihaan Sharma,6,Male,General,Rural,Karnataka,4,Poor,67.33,5,No,Government,1
S179,Ananya Sharma,13,Female,SC,Urban,Karnataka,10,Good,74.49,5,No,Private,0
S180,Aarohi Reddy,14,Male,SC,Semi-urban,Maharashtra,3,Excellent,79.97,5,No,Private,1
S181,Aarav Sharma,9,Female,ST,Rural,Gujarat,3,Poor,63.99,5,Yes,Government,0
S182,Ananya Kumar,8,Female,ST,Rural,Kerala,7,Average,50.83,5,No,Private,0
S183,Diya Singh,18,Male,SC,Rural,Bihar,2,Poor,85.85,1,Yes,Aided,0
S184,Ananya Das,10,Male,ST,Urban,Tamil Nadu,5,Excellent,45.27,1,No,Government,1
S185,Kavya Singh,11,Female,SC,Urban,Uttar Pradesh,7,Good,58.12,5,No,Aided,0
S186,Sai Kumar,13,Female,SC,Semi-urban,Tamil Nadu,3,Excellent,49.39,3,No,Private,0
S187,Krishna Das,10,Male,General,Semi-urban,Karnataka,10,Average,90.26,1,Yes,Aided,1
S188,Krishna Kumar,11,Female,General,Rural,Gujarat,6,Average,84.41,1,No,Private,1
S189,Aarav Patel,15,Female,SC,Rural,Uttar Pradesh,10,Excellent,63.67,0,Yes,Aided,0
S190,Rohan Singh,16,Female,General,Rural,Rajasthan,2,Excellent,53.86,0,No,Government,1
S191,Arjun Sharma,7,Male,OBC,Semi-urban,Kerala,9,Average,83.72,3,No,Private,1
S192,Aryan Patel,8,Female,General,Urban,Maharashtra,6,Average,64.57,0,No,Private,1
S193,Diya Reddy,11,Male,ST,Urban,Gujarat,5,Excellent,93.66,1,Yes,Aided,0
S194,Diya Patel,9,Female,OBC,Semi-urban,Karnataka,9,Average,50.02,3,Yes,Aided,0
S195,Aarav Singh,14,Female,ST,Rural,Bihar,11,Good,45.16,2,Yes,Aided,0
S196,Aadhya Das,7,Male,ST,Urban,Tamil Nadu,4,Good,65.71,2,Yes,Aided,0
S197,Vihaan Kumar,17,Male,SC,Urban,Rajasthan,7,Average,72.52,1,No,Government,1
S198,Vihaan Sharma,12,Female,OBC,Rural,Rajasthan,2,Excellent,55.85,0,No,Government,0
S199,Aarohi Sharma,14,Female,OBC,Urban,Rajasthan,4,Poor,97.2,3,Yes,Aided,0
S200,Saanvi Das,9,Male,General,Urban,Kerala,3,Poor,86.06,5,No,Government,0
S201,Arjun Patel,17,Male,OBC,Rural,Tamil Nadu,2,Poor,95.09,4,Yes,Government,0
S202,Anika Reddy,8,Female,ST,Urban,Rajasthan,2,Poor,52.56,2,No,Aided,0
S203,Rohan Sharma,8,Female,General,Rural,Karnataka,5,Average,62.65,5,No,Private,1
S204,Aarohi Das,14,Male,OBC,Semi-urban,Maharashtra,3,Poor,75.73,0,Yes,Aided,0
S205,Myra Kumar,11,Female,ST,Semi-urban,Gujarat,5,Poor,53.23,0,Yes,Government,0
S206,Ananya Singh,17,Female,OBC,Rural,Uttar Pradesh,4,Good,73.56,3,No,Aided,0
S207,Aarav Singh,16,Male,OBC,Urban,Tamil Nadu,11,Excellent,50.79,1,No,Private,1
S208,Kavya Das,8,Male,General,Urban,Uttar Pradesh,3,Good,76.46,1,No,Private,0
S209,Saanvi Sharma,18,Female,ST,Rural,Bihar,9,Excellent,51.24,2,Yes,Government,1
S210,Aarohi Patel,14,Female,General,Semi-urban,Rajasthan,12,Good,89.26,3,No,Government,0
S211,Myra Patel,10,Male,ST,Rural,Uttar Pradesh,11,Good,69.04,5,Yes,Aided,0
S212,Ananya Kumar,15,Female,ST,Rural,Uttar Pradesh,4,Excellent,70.27,1,No,Government,0
S213,Diya Sharma,12,Female,SC,Semi-urban,Bihar,11,Poor,60.01,2,No,Private,0
S214,Ananya Singh,7,Male,SC,Semi-urban,Maharashtra,11,Good,59.24,1,No,Private,0
S215,Diya Sharma,7,Female,ST,Urban,Uttar Pradesh,4,Average,90.12,2,Yes,Private,1
S216,Arjun Kumar,8,Female,SC,Rural,Karnataka,12,Average,42.89,3,No,Government,1
S217,Anika Das,17,Female,SC,Rural,Tamil Nadu,12,Poor,43.63,2,Yes,Government,1
S218,Ishaan Reddy,9,Female,General,Urban,Karnataka,7,Average,53.73,5,Yes,Private,0
S219,Vihaan Singh,9,Female,General,Semi-urban,Karnataka,4,Poor,94.32,0,No,Private,1
S220,Sai Singh,13,Female,ST,Rural,Kerala,1,Average,84.1,1,Yes,Private,0
S221,Diya Singh,18,Female,SC,Rural,Kerala,2,Average,70.57,4,No,Aided,0
S222,Vihaan Kumar,17,Male,ST,Urban,Bihar,10,Good,60.4,1,No,Aided,1
S223,Arjun Patel,9,Female,SC,Rural,Gujarat,2,Good,97.79,0,Yes,Aided,1
S224,Aarohi Das,18,Female,OBC,Rural,Maharashtra,7,Good,69.92,1,No,Aided,0
S225,Ananya Reddy,8,Female,SC,Rural,Gujarat,11,Poor,59.62,4,Yes,Aided,0
S226,Sai Kumar,17,Male,OBC,Urban,Maharashtra,11,Average,46.27,3,Yes,Government,0
S227,Anika Kumar,14,Female,ST,Rural,Gujarat,3,Excellent,81.14,3,Yes,Government,1
S228,Ira Patel,17,Female,General,Rural,Gujarat,5,Excellent,66.43,0,No,Private,1
S229,Aadhya Reddy,12,Male,SC,Urban,Karnataka,5,Excellent,61.05,0,Yes,Aided,0
S230,Aditya Reddy,16,Female,SC,Urban,Rajasthan,9,Average,97.41,2,Yes,Private,1
S231,Vihaan Singh,9,Male,OBC,Semi-urban,Tamil Nadu,11,Good,72.36,2,Yes,Aided,0
S232,Saanvi Reddy,7,Male,SC,Semi-urban,Karnataka,1,Good,46.9,1,No,Aided,0
S233,Aarav Das,12,Female,SC,Rural,Rajasthan,6,Excellent,58.33,2,No,Private,0
S234,Arjun Das,16,Male,OBC,Urban,Karnataka,3,Average,81.44,0,Yes,Aided,0
S235,Myra Kumar,7,Male,ST,Semi-urban,Bihar,12,Excellent,73.37,4,No,Private,1
S236,Anika Das,6,Female,SC,Rural,Karnataka,9,Good,72.78,0,No,Government,1
S237,Aarohi Reddy,12,Female,General,Rural,Tamil Nadu,8,Good,94.1,4,No,Government,0
S238,Kavya Das,12,Male,SC,Urban,Karnataka,5,Average,61.53,2,No,Aided,1
S239,Vihaan Das,6,Female,ST,Urban,Karnataka,10,Excellent,82.18,4,No,Government,1
S240,Saanvi Das,9,Male,OBC,Urban,Maharashtra,5,Average,57.85,2,Yes,Aided,0
S241,Aditya Reddy,11,Male,ST,Semi-urban,Uttar Pradesh,10,Excellent,64.75,1,No,Private,0
S242,Vivaan Kumar,13,Female,SC,Rural,Rajasthan,7,Average,51.97,2,No,Aided,1
S243,Saanvi Reddy,10,Male,OBC,Semi-urban,Kerala,8,Excellent,71.01,2,Yes,Government,0
S244,Sai Das,8,Female,OBC,Semi-urban,Gujarat,11,Average,69.57,0,No,Aided,0
S245,Aryan Patel,16,Female,General,Semi-urban,Rajasthan,11,Good,99.2,3,No,Government,1
S246,Riya Singh,15,Male,SC,Urban,Uttar Pradesh,1,Good,80.03,3,Yes,Government,0
S247,Krishna Das,15,Female,OBC,Rural,Gujarat,6,Average,87.49,3,No,Private,0
S248,Myra Singh,6,Male,General,Urban,Uttar Pradesh,6,Poor,42.33,4,Yes,Private,1
S249,Vivaan Patel,9,Male,SC,Rural,Kerala,3,Good,77.36,1,Yes,Government,1
S250,Vihaan Reddy,18,Male,ST,Rural,Kerala,8,Poor,87.51,0,No,Private,1
S251,Myra Das,12,Male,General,Semi-urban,Bihar,6,Average,68.57,2,Yes,Private,0
S252,Aarav Das,11,Female,ST,Urban,Rajasthan,4,Poor,91.69,2,No,Private,0
S253,Anika Kumar,6,Male,ST,Rural,Tamil Nadu,5,Average,88.25,1,Yes,Government,0
S254,Myra Patel,6,Female,SC,Urban,Gujarat,4,Poor,85.35,3,Yes,Private,1
S255,Aditya Singh,18,Female,General,Rural,Maharashtra,2,Poor,66.72,5,No,Aided,0
S256,Aadhya Sharma,18,Female,General,Semi-urban,Tamil Nadu,11,Excellent,85.08,1,No,Private,0
S257,Aryan Reddy,6,Female,ST,Rural,Tamil Nadu,3,Excellent,94.5,5,Yes,Aided,0
S258,Diya Reddy,11,Female,SC,Urban,Karnataka,2,Average,40.6,1,No,Aided,0
S259,Ananya Patel,18,Female,ST,Urban,Kerala,7,Poor,41.92,3,No,Aided,1
S260,Arjun Singh,14,Male,SC,Semi-urban,Karnataka,9,Excellent,99.18,0,Yes,Government,0
S261,Anika Kumar,15,Male,ST,Urban,Maharashtra,9,Poor,48.98,3,No,Government,1
S262,Ira Singh,12,Male,OBC,Semi-urban,Tamil Nadu,3,Poor,57.86,3,No,Private,0
S263,Aarohi Patel,14,Male,OBC,Semi-urban,Uttar Pradesh,6,Poor,77.41,5,No,Government,0
S264,Rohan Patel,15,Female,General,Urban,Bihar,2,Average,40.59,5,No,Aided,0
S265,Rohan Das,13,Male,General,Urban,Maharashtra,3,Average,64.32,4,Yes,Private,0
S266,Arjun Singh,13,Male,ST,Semi-urban,Karnataka,5,Excellent,87.79,2,Yes,Government,0
S267,Aadhya Singh,10,Female,SC,Semi-urban,Bihar,7,Poor,79.67,1,No,Private,0
S268,Myra Kumar,10,Male,General,Urban,Uttar Pradesh,9,Poor,44.51,5,No,Government,0
S269,Ananya Patel,17,Female,OBC,Rural,Uttar Pradesh,3,Good,80.53,1,No,Private,1
S270,Krishna Singh,6,Female,ST,Urban,Gujarat,6,Average,52.87,2,No,Private,0
S271,Riya Das,14,Male,OBC,Rural,Maharashtra,7,Good,93.96,3,Yes,Private,1
S272,Vivaan Das,11,Female,ST,Semi-urban,Rajasthan,9,Excellent,79.04,0,No,Aided,0
S273,Sai Singh,9,Male,OBC,Rural,Bihar,5,Good,91.48,4,No,Private,0
S274,Aarohi Sharma,6,Male,OBC,Semi-urban,Uttar Pradesh,1,Good,62.04,3,No,Aided,0
S275,Diya Singh,9,Female,SC,Semi-urban,Kerala,5,Poor,44.11,0,No,Aided,0
S276,Kavya Das,12,Male,ST,Semi-urban,Maharashtra,7,Average,78.21,3,No,Private,0
S277,Ishaan Reddy,8,Female,ST,Urban,Maharashtra,10,Good,46.04,0,Yes,Government,1
S278,Vivaan Singh,18,Male,General,Semi-urban,Uttar Pradesh,12,Poor,41.97,4,No,Private,1
S279,Aarohi Das,14,Male,ST,Urban,Maharashtra,6,Poor,85.96,4,No,Aided,1
S280,Kavya Das,14,Female,ST,Rural,Uttar Pradesh,12,Good,64.71,3,No,Private,1
S281,Ira Singh,18,Male,OBC,Urban,Maharashtra,1,Good,42.08,4,No,Government,0
S282,Saanvi Singh,14,Male,General,Semi-urban,Maharashtra,6,Average,64.5,2,Yes,Government,0
S283,Riya Singh,12,Male,ST,Urban,Bihar,10,Excellent,95.16,4,Yes,Private,1
S284,Sai Das,15,Male,OBC,Semi-urban,Rajasthan,7,Excellent,91.71,0,Yes,Private,1
S285,Krishna Singh,7,Male,SC,Urban,Uttar Pradesh,2,Good,81.92,4,Yes,Aided,1
S286,Sai Patel,6,Male,General,Urban,Karnataka,11,Excellent,47.27,1,No,Private,0
S287,Arjun Patel,6,Female,OBC,Urban,Kerala,4,Good,86.16,1,No,Private,1
S288,Aditya Patel,16,Male,ST,Urban,Uttar Pradesh,4,Good,43.71,2,No,Private,0
S289,Ananya Patel,8,Female,ST,Rural,Kerala,6,Average,85.71,3,Yes,Private,0
S290,Aadhya Patel,13,Female,SC,Rural,Gujarat,8,Good,47.6,2,No,Aided,0
S291,Arjun Reddy,10,Female,OBC,Semi-urban,Kerala,11,Excellent,68.89,0,No,Private,1
S292,Saanvi Singh,13,Male,SC,Semi-urban,Rajasthan,5,Good,76.45,4,No,Government,0
S293,Riya Kumar,15,Female,SC,Urban,Maharashtra,11,Poor,81.19,3,No,Government,0
S294,Anika Patel,6,Male,SC,Rural,Rajasthan,4,Excellent,97.87,3,No,Government,1
S295,Arjun Patel,18,Male,ST,Rural,Bihar,2,Poor,90.75,0,No,Aided,0
S296,Sai Sharma,15,Female,SC,Semi-urban,Bihar,5,Excellent,79.77,5,Yes,Private,0
S297,Diya Das,9,Male,SC,Semi-urban,Bihar,3,Average,67.96,4,No,Private,1
S298,Ishaan Sharma,14,Female,ST,Urban,Tamil Nadu,2,Good,87.89,1,No,Government,0
S299,Saanvi Reddy,7,Male,ST,Semi-urban,Gujarat,9,Excellent,88.55,3,No,Government,0
S300,Anika Das,8,Female,SC,Rural,Rajasthan,8,Good,76.11,5,No,Government,0
S301,Ira Sharma,14,Male,SC,Semi-urban,Maharashtra,1,Average,84.79,3,No,Aided,1
S302,Vihaan Sharma,8,Male,SC,Urban,Rajasthan,4,Excellent,58.41,0,No,Government,0
S303,Saanvi Patel,14,Female,OBC,Semi-urban,Rajasthan,11,Average,54.48,3,Yes,Private,0
S304,Diya Reddy,8,Male,ST,Urban,Kerala,1,Excellent,78.56,4,Yes,Government,1
S305,Arjun Das,7,Male,ST,Urban,Rajasthan,4,Good,96.41,0,No,Government,1
S306,Aditya Reddy,7,Male,SC,Urban,Tamil Nadu,7,Poor,78.03,1,Yes,Government,0
S307,Aarav Patel,6,Male,OBC,Rural,Kerala,4,Excellent,68.54,3,No,Private,1
S308,Diya Kumar,16,Male,ST,Semi-urban,Uttar Pradesh,7,Good,49.97,0,Yes,Government,0
S309,Riya Singh,6,Male,SC,Semi-urban,Rajasthan,5,Poor,99.92,5,No,Government,0
S310,Aadhya Das,10,Female,SC,Rural,Kerala,1,Poor,79.44,3,No,Private,1
S311,Sai Reddy,15,Female,SC,Urban,Tamil Nadu,3,Excellent,99.55,0,Yes,Aided,0
S312,Vivaan Das,8,Male,General,Semi-urban,Karnataka,11,Average,66.86,0,No,Government,1
S313,Arjun Patel,8,Male,OBC,Semi-urban,Maharashtra,11,Average,94.97,1,Yes,Government,1
S314,Aryan Patel,17,Female,General,Semi-urban,Maharashtra,4,Average,63.13,0,No,Private,0
S315,Anika Kumar,7,Female,SC,Rural,Maharashtra,10,Good,68.24,3,No,Aided,0
S316,Vivaan Reddy,15,Male,OBC,Urban,Rajasthan,11,Average,43.32,1,Yes,Aided,1
S317,Anika Reddy,13,Female,General,Urban,Tamil Nadu,5,Average,53.52,3,Yes,Aided,1
S318,Aadhya Reddy,9,Male,OBC,Semi-urban,Karnataka,12,Good,51.15,0,No,Aided,0
S319,Kavya Patel,14,Male,General,Semi-urban,Kerala,5,Average,50.08,4,Yes,Private,1
S320,Vivaan Reddy,16,Female,General,Rural,Rajasthan,5,Average,70.6,2,No,Government,1
S321,Ira Singh,11,Male,SC,Rural,Karnataka,12,Average,94.55,4,Yes,Private,0
S322,Aarohi Kumar,18,Female,OBC,Rural,Maharashtra,6,Good,54.61,5,Yes,Government,0
S323,Myra Patel,16,Female,ST,Urban,Tamil Nadu,11,Average,80.72,5,Yes,Private,1
S324,Riya Kumar,12,Male,ST,Urban,Maharashtra,2,Excellent,89.1,1,No,Government,0
S325,Aryan Kumar,6,Male,General,Rural,Kerala,9,Good,96.25,0,Yes,Aided,0
S326,Ira Patel,9,Female,ST,Urban,Uttar Pradesh,10,Good,84.64,1,Yes,Government,1
S327,Aadhya Singh,9,Female,OBC,Rural,Tamil Nadu,4,Poor,82.83,3,No,Private,0
S328,Aryan Kumar,15,Female,ST,Semi-urban,Tamil Nadu,11,Excellent,99.83,4,No,Private,0
S329,Myra Reddy,8,Female,General,Rural,Uttar Pradesh,7,Average,78.14,5,Yes,Aided,0
S330,Arjun Kumar,6,Male,ST,Semi-urban,Karnataka,8,Average,46.35,5,Yes,Private,1
S331,Aarav Sharma,18,Male,OBC,Rural,Tamil Nadu,1,Poor,62.44,2,No,Government,0
S332,Diya Reddy,14,Male,SC,Urban,Tamil Nadu,1,Excellent,98.61,5,Yes,Government,1
S333,Rohan Reddy,14,Male,ST,Rural,Uttar Pradesh,6,Average,50.38,4,Yes,Private,1
S334,Aryan Kumar,16,Male,General,Rural,Rajasthan,12,Excellent,95.35,2,Yes,Aided,1
S335,Ira Kumar,17,Female,OBC,Semi-urban,Gujarat,10,Good,90.48,0,No,Government,0
S336,Saanvi Das,14,Male,ST,Urban,Kerala,5,Excellent,65.19,4,Yes,Government,1
S337,Kavya Kumar,11,Female,SC,Urban,Rajasthan,2,Poor,40.59,3,No,Private,0
S338,Aryan Sharma,18,Female,OBC,Urban,Karnataka,10,Excellent,48.09,4,Yes,Private,1
S339,Vihaan Das,11,Male,ST,Semi-urban,Bihar,6,Excellent,78.95,2,Yes,Aided,0
S340,Anika Sharma,10,Female,General,Rural,Tamil Nadu,12,Average,57.21,3,No,Aided,1
S341,Riya Patel,17,Male,General,Rural,Maharashtra,3,Average,74.76,4,Yes,Government,1
S342,Aadhya Patel,10,Female,ST,Rural,Tamil Nadu,1,Excellent,96.6,2,Yes,Private,0
S343,Aditya Kumar,14,Male,SC,Urban,Gujarat,1,Excellent,65.32,3,Yes,Government,1
S344,Aadhya Kumar,11,Male,ST,Rural,Rajasthan,6,Average,59.27,3,Yes,Aided,1
S345,Ira Reddy,8,Female,ST,Urban,Uttar Pradesh,3,Average,54.98,5,No,Government,0
S346,Aarav Kumar,17,Female,General,Urban,Karnataka,9,Excellent,97.68,2,Yes,Aided,1
S347,Diya Das,6,Female,General,Urban,Rajasthan,10,Poor,61.22,5,No,Aided,0
S348,Diya Patel,18,Male,SC,Rural,Rajasthan,9,Excellent,54.84,0,No,Aided,1
S349,Riya Singh,7,Female,General,Semi-urban,Gujarat,7,Excellent,79.19,0,No,Private,0
S350,Krishna Kumar,8,Male,General,Urban,Gujarat,9,Poor,96.98,0,Yes,Government,0
S351,Rohan Kumar,7,Male,General,Urban,Bihar,4,Excellent,68.85,2,Yes,Aided,1
S352,Kavya Patel,18,Female,SC,Rural,Kerala,11,Excellent,70.24,1,Yes,Private,0
S353,Aadhya Das,6,Female,ST,Rural,Kerala,10,Poor,87.59,0,No,Government,1
S354,Aryan Reddy,9,Female,General,Urban,Bihar,5,Average,48.21,5,Yes,Government,0
S355,Ira Sharma,6,Male,ST,Semi-urban,Tamil Nadu,6,Excellent,81.55,0,No,Government,0
S356,Aditya Reddy,17,Female,OBC,Semi-urban,Tamil Nadu,7,Excellent,54.56,2,No,Private,0
S357,Rohan Reddy,10,Male,OBC,Urban,Bihar,5,Good,59.17,4,Yes,Private,0
S358,Myra Das,6,Male,OBC,Semi-urban,Uttar Pradesh,11,Poor,81.6,3,Yes,Government,0
S359,Ira Patel,15,Female,SC,Rural,Rajasthan,11,Good,58.8,1,No,Government,0
S360,Aarohi Singh,15,Male,General,Urban,Gujarat,11,Average,70.66,2,No,Aided,0
S361,Saanvi Sharma,13,Female,ST,Rural,Tamil Nadu,7,Excellent,73.36,0,No,Private,0
S362,Ananya Patel,9,Male,SC,Semi-urban,Gujarat,8,Poor,86.1,1,No,Aided,0
S363,Aryan Sharma,12,Female,SC,Urban,Gujarat,4,Good,53.05,2,Yes,Aided,0
S364,Myra Singh,9,Female,SC,Urban,Rajasthan,5,Excellent,68.98,1,No,Government,0
S365,Saanvi Singh,7,Female,ST,Urban,Kerala,4,Average,48.84,3,No,Government,1
S366,Ananya Kumar,13,Female,General,Semi-urban,Uttar Pradesh,5,Poor,66.66,4,No,Government,0
S367,Anika Das,18,Male,General,Semi-urban,Rajasthan,7,Poor,68.66,5,Yes,Government,0
S368,Vihaan Reddy,18,Female,ST,Semi-urban,Bihar,3,Average,73.86,0,Yes,Aided,1
S369,Ananya Sharma,13,Female,SC,Rural,Kerala,9,Excellent,85.52,1,No,Government,0
S370,Diya Sharma,6,Female,OBC,Rural,Uttar Pradesh,11,Good,46.83,1,Yes,Private,1
S371,Aadhya Reddy,17,Female,General,Rural,Kerala,6,Poor,56.47,5,Yes,Government,1
S372,Myra Patel,16,Male,OBC,Rural,Rajasthan,12,Good,50.12,4,No,Government,1
S373,Sai Sharma,14,Female,General,Urban,Gujarat,6,Good,45.05,3,Yes,Aided,1
S374,Vivaan Sharma,14,Male,ST,Semi-urban,Maharashtra,10,Poor,90.52,5,Yes,Government,1
S375,Anika Sharma,15,Male,SC,Urban,Maharashtra,1,Good,96.25,4,No,Government,0
S376,Riya Patel,14,Female,General,Urban,Rajasthan,2,Good,86.25,3,No,Private,0
S377,Rohan Kumar,13,Male,OBC,Rural,Gujarat,10,Average,73.31,5,Yes,Private,0
S378,Anika Sharma,13,Male,ST,Urban,Bihar,9,Poor,94.69,0,No,Government,1
S379,Aditya Reddy,16,Male,OBC,Rural,Tamil Nadu,11,Average,66.72,4,No,Aided,1
S380,Aadhya Kumar,10,Female,OBC,Semi-urban,Bihar,6,Excellent,81.55,0,Yes,Private,1
S381,Myra Singh,7,Female,SC,Urban,Bihar,10,Excellent,66.18,4,No,Government,1
S382,Ananya Patel,12,Female,General,Urban,Tamil Nadu,3,Excellent,62.57,2,No,Private,1
S383,Aryan Kumar,9,Male,General,Rural,Bihar,1,Average,77.39,5,No,Government,1
S384,Ishaan Das,15,Female,SC,Rural,Maharashtra,7,Excellent,93.68,4,Yes,Private,1
S385,Vivaan Patel,9,Male,SC,Rural,Kerala,2,Average,45.23,1,Yes,Private,1
S386,Vivaan Reddy,17,Male,General,Semi-urban,Bihar,10,Poor,45.54,1,Yes,Private,0
S387,Krishna Patel,9,Male,General,Semi-urban,Kerala,11,Poor,74.75,3,Yes,Government,0
S388,Ananya Reddy,9,Female,ST,Semi-urban,Rajasthan,6,Poor,68.34,1,No,Aided,1
S389,Vivaan Das,7,Male,SC,Semi-urban,Gujarat,8,Poor,86.88,5,No,Private,1
S390,Aditya Singh,7,Male,OBC,Urban,Bihar,12,Excellent,60.05,0,Yes,Private,0
S391,Ira Sharma,12,Male,OBC,Rural,Uttar Pradesh,3,Poor,67.83,0,Yes,Aided,0
S392,Kavya Kumar,9,Female,General,Rural,Gujarat,7,Average,93.81,5,No,Aided,1
S393,Ira Singh,6,Male,SC,Semi-urban,Karnataka,12,Average,51.45,0,Yes,Government,0
S394,Arjun Patel,18,Male,General,Urban,Gujarat,8,Good,98.42,2,No,Government,0
S395,Vivaan Das,13,Male,General,Urban,Bihar,4,Good,81.06,3,No,Private,0
S396,Krishna Reddy,8,Male,General,Urban,Maharashtra,4,Good,80.4,5,No,Aided,0
S397,Myra Das,9,Female,OBC,Semi-urban,Uttar Pradesh,3,Poor,79.94,2,Yes,Aided,1
S398,Vihaan Kumar,7,Female,SC,Semi-urban,Maharashtra,3,Poor,56.15,2,Yes,Private,0
S399,Myra Reddy,16,Female,OBC,Rural,Gujarat,1,Poor,48.0,4,No,Private,1
S400,Aarohi Das,16,Male,OBC,Rural,Uttar Pradesh,7,Excellent,71.68,2,No,Government,0
S401,Ira Reddy,7,Male,General,Semi-urban,Tamil Nadu,9,Excellent,88.98,4,Yes,Private,1
S402,Anika Sharma,15,Male,General,Rural,Gujarat,4,Good,57.62,4,No,Aided,0
S403,Riya Reddy,11,Female,OBC,Rural,Tamil Nadu,7,Average,49.62,5,No,Private,0
S404,Kavya Kumar,12,Female,ST,Urban,Uttar Pradesh,11,Poor,73.38,3,No,Government,1
S405,Rohan Kumar,17,Male,ST,Rural,Bihar,12,Good,66.61,4,No,Aided,1
S406,Krishna Patel,7,Female,ST,Semi-urban,Bihar,4,Excellent,81.05,4,Yes,Aided,0
S407,Aarohi Patel,8,Male,ST,Urban,Uttar Pradesh,11,Average,53.91,0,Yes,Private,1
S408,Aadhya Singh,14,Male,OBC,Semi-urban,Bihar,3,Good,52.35,3,Yes,Aided,0
S409,Saanvi Das,14,Female,SC,Urban,Bihar,8,Poor,63.25,0,No,Government,0
S410,Aryan Das,9,Female,ST,Semi-urban,Gujarat,6,Average,86.11,3,No,Private,0
S411,Myra Sharma,9,Female,OBC,Semi-urban,Tamil Nadu,9,Excellent,96.17,1,No,Government,1
S412,Ira Singh,11,Male,ST,Rural,Kerala,12,Poor,49.68,5,No,Private,1
S413,Myra Singh,6,Male,SC,Semi-urban,Bihar,1,Excellent,61.95,4,No,Government,0
S414,Aarav Singh,8,Male,SC,Rural,Tamil Nadu,8,Poor,44.72,0,No,Government,1
S415,Ananya Reddy,14,Male,SC,Semi-urban,Rajasthan,5,Average,56.74,5,No,Aided,1
S416,Anika Kumar,9,Female,General,Urban,Tamil Nadu,9,Average,64.0,2,No,Government,0
S417,Arjun Sharma,18,Male,OBC,Rural,Karnataka,11,Good,88.68,3,No,Aided,1
S418,Aarav Sharma,16,Male,SC,Rural,Kerala,10,Average,73.94,3,No,Government,1
S419,Aarav Sharma,14,Female,SC,Urban,Uttar Pradesh,5,Good,57.65,3,No,Private,1
S420,Aditya Singh,11,Male,OBC,Semi-urban,Gujarat,8,Good,40.42,4,Yes,Private,0
S421,Aryan Kumar,9,Male,OBC,Semi-urban,Rajasthan,9,Good,97.9,1,No,Aided,1
S422,Diya Kumar,6,Male,OBC,Urban,Rajasthan,2,Good,62.89,3,Yes,Aided,1
S423,Vivaan Das,6,Female,ST,Rural,Kerala,4,Average,57.1,2,Yes,Aided,1
S424,Diya Das,10,Male,SC,Rural,Uttar Pradesh,10,Good,64.05,1,Yes,Government,1
S425,Vivaan Patel,9,Male,OBC,Urban,Rajasthan,3,Poor,51.98,3,Yes,Aided,1
S426,Krishna Singh,9,Female,ST,Semi-urban,Uttar Pradesh,2,Excellent,44.57,4,No,Aided,0
S427,Myra Sharma,14,Female,OBC,Semi-urban,Maharashtra,7,Excellent,61.3,5,Yes,Private,1
S428,Anika Singh,6,Male,ST,Semi-urban,Karnataka,8,Excellent,73.69,5,Yes,Private,0
S429,Aarohi Kumar,10,Female,ST,Rural,Kerala,4,Good,54.54,3,No,Aided,0
S430,Krishna Das,18,Male,General,Semi-urban,Tamil Nadu,5,Good,96.77,0,Yes,Government,1
S431,Vihaan Reddy,11,Male,ST,Rural,Uttar Pradesh,12,Poor,99.64,2,Yes,Aided,1
S432,Aarav Kumar,13,Male,SC,Semi-urban,Rajasthan,9,Excellent,43.2,2,Yes,Private,1
S433,Riya Patel,14,Male,SC,Rural,Bihar,3,Excellent,85.68,0,No,Private,1
S434,Rohan Reddy,15,Female,SC,Urban,Tamil Nadu,4,Average,91.11,2,No,Government,1
S435,Anika Patel,18,Male,ST,Urban,Bihar,11,Average,43.24,5,Yes,Aided,0
S436,Myra Sharma,11,Female,General,Rural,Karnataka,6,Good,97.09,5,No,Aided,0
S437,Sai Kumar,12,Male,OBC,Rural,Rajasthan,10,Excellent,62.66,2,Yes,Aided,1
S438,Aadhya Patel,6,Female,ST,Semi-urban,Tamil Nadu,7,Good,97.53,1,No,Government,0
S439,Ira Kumar,6,Female,ST,Urban,Tamil Nadu,3,Average,41.39,4,Yes,Aided,1
S440,Aditya Das,8,Male,General,Rural,Tamil Nadu,1,Poor,40.91,1,Yes,Government,0
S441,Riya Kumar,13,Female,ST,Semi-urban,Tamil Nadu,10,Excellent,50.88,4,Yes,Private,0
S442,Vivaan Singh,10,Female,OBC,Rural,Tamil Nadu,6,Poor,87.99,4,No,Government,0
S443,Aarohi Singh,6,Female,SC,Urban,Gujarat,12,Average,51.65,5,No,Aided,0
S444,Aarohi Patel,16,Male,General,Rural,Maharashtra,10,Good,98.97,1,Yes,Aided,1
S445,Rohan Das,10,Male,General,Rural,Maharashtra,9,Average,98.65,5,Yes,Government,0
S446,Arjun Sharma,8,Male,OBC,Urban,Uttar Pradesh,7,Excellent,89.24,2,Yes,Government,0
S447,Aditya Reddy,7,Female,SC,Urban,Gujarat,9,Good,63.91,2,Yes,Aided,0
S448,Aryan Singh,17,Male,OBC,Semi-urban,Kerala,2,Good,71.35,2,Yes,Government,1
S449,Ishaan Singh,17,Female,ST,Urban,Uttar Pradesh,10,Average,93.46,1,No,Government,1
S450,Ananya Singh,14,Male,ST,Rural,Uttar Pradesh,11,Poor,95.82,2,Yes,Government,1
S451,Ishaan Das,13,Female,ST,Rural,Tamil Nadu,2,Poor,42.17,0,Yes,Government,0
S452,Diya Sharma,12,Male,General,Urban,Tamil Nadu,11,Average,61.61,5,Yes,Private,1
S453,Ira Kumar,13,Male,ST,Urban,Gujarat,9,Excellent,80.32,1,Yes,Government,1
S454,Arjun Patel,11,Female,ST,Semi-urban,Kerala,7,Average,80.6,4,No,Private,0
S455,Vivaan Reddy,6,Male,General,Urban,Karnataka,11,Poor,72.12,2,No,Private,1
S456,Ananya Patel,13,Male,OBC,Rural,Gujarat,7,Good,73.41,1,Yes,Private,1
S457,Arjun Patel,8,Male,ST,Urban,Kerala,3,Good,67.15,0,No,Private,0
S458,Saanvi Kumar,11,Female,SC,Semi-urban,Maharashtra,5,Good,55.09,2,Yes,Aided,0
S459,Arjun Kumar,15,Female,ST,Rural,Maharashtra,11,Average,97.27,5,Yes,Private,1
S460,Aarohi Das,12,Female,OBC,Urban,Rajasthan,9,Good,98.92,4,No,Government,1
S461,Aryan Reddy,11,Male,General,Rural,Uttar Pradesh,4,Average,92.67,2,Yes,Private,0
S462,Ira Singh,12,Male,SC,Urban,Rajasthan,10,Average,96.94,5,No,Government,0
S463,Arjun Sharma,14,Male,ST,Urban,Kerala,5,Average,60.82,4,No,Aided,0
S464,Krishna Patel,6,Male,ST,Semi-urban,Maharashtra,4,Good,56.45,0,No,Aided,0
S465,Anika Das,7,Male,OBC,Semi-urban,Bihar,9,Poor,89.92,0,Yes,Private,0
S466,Aryan Kumar,14,Female,ST,Semi-urban,Karnataka,2,Good,69.48,0,Yes,Aided,0
S467,Aryan Singh,6,Female,SC,Rural,Uttar Pradesh,2,Excellent,66.38,4,No,Aided,0
S468,Myra Sharma,11,Male,ST,Semi-urban,Tamil Nadu,10,Poor,98.48,2,No,Aided,1
S469,Ira Reddy,9,Female,ST,Semi-urban,Gujarat,7,Average,85.58,0,No,Private,1
S470,Saanvi Sharma,18,Male,ST,Rural,Kerala,11,Good,64.82,2,Yes,Private,1
S471,Vivaan Singh,13,Female,SC,Urban,Kerala,8,Poor,92.23,0,Yes,Aided,1
S472,Arjun Reddy,16,Male,SC,Rural,Tamil Nadu,9,Average,86.15,4,Yes,Government,1
S473,Sai Das,15,Female,ST,Urban,Tamil Nadu,10,Excellent,53.62,0,No,Government,1
S474,Vihaan Singh,10,Female,General,Urban,Karnataka,12,Good,78.1,2,Yes,Private,0
S475,Vihaan Reddy,9,Male,General,Urban,Gujarat,6,Excellent,61.86,3,No,Private,1
S476,Anika Reddy,14,Male,General,Urban,Tamil Nadu,8,Poor,51.7,1,Yes,Private,0
S477,Aarohi Das,14,Female,General,Urban,Maharashtra,6,Good,81.34,4,No,Government,1
S478,Anika Das,10,Female,ST,Rural,Gujarat,3,Excellent,97.92,4,Yes,Government,0
S479,Krishna Das,16,Female,OBC,Semi-urban,Uttar Pradesh,1,Poor,62.61,4,Yes,Private,0
S480,Sai Reddy,18,Female,ST,Rural,Maharashtra,9,Excellent,43.04,3,No,Government,0
S481,Diya Reddy,11,Female,OBC,Rural,Karnataka,11,Poor,90.43,0,Yes,Government,1
S482,Krishna Das,11,Female,ST,Rural,Maharashtra,3,Excellent,58.14,0,Yes,Private,0
S483,Myra Sharma,6,Male,SC,Rural,Kerala,3,Excellent,74.92,4,Yes,Private,0
S484,Aryan Das,15,Male,SC,Semi-urban,Bihar,10,Poor,78.88,5,Yes,Private,1
S485,Riya Sharma,17,Male,SC,Semi-urban,Rajasthan,12,Average,75.77,1,Yes,Government,0
S486,Aadhya Sharma,11,Female,OBC,Semi-urban,Uttar Pradesh,4,Good,93.45,0,No,Private,0
S487,Sai Reddy,15,Female,SC,Semi-urban,Rajasthan,6,Poor,62.62,1,No,Government,1
S488,Ananya Kumar,13,Male,OBC,Rural,Rajasthan,3,Good,58.7,4,Yes,Government,0
S489,Saanvi Kumar,10,Male,General,Urban,Maharashtra,1,Excellent,56.01,0,No,Government,0
S490,Aarav Sharma,8,Female,ST,Urban,Maharashtra,8,Good,94.19,4,No,Private,1
S491,Aadhya Reddy,10,Male,OBC,Semi-urban,Gujarat,4,Good,43.0,0,No,Private,1
S492,Arjun Patel,12,Female,ST,Rural,Gujarat,12,Poor,91.17,0,Yes,Aided,1
S493,Myra Sharma,15,Male,ST,Semi-urban,Tamil Nadu,6,Average,54.21,0,Yes,Aided,1
S494,Aryan Kumar,6,Male,General,Urban,Tamil Nadu,7,Average,94.67,3,No,Private,0
S495,Rohan Sharma,8,Male,General,Rural,Maharashtra,1,Poor,86.84,3,No,Private,0
S496,Krishna Kumar,15,Male,SC,Urban,Tamil Nadu,11,Excellent,67.45,5,Yes,Government,0
S497,Myra Reddy,12,Male,SC,Rural,Uttar Pradesh,2,Poor,76.74,0,No,Private,1
S498,Arjun Singh,18,Male,ST,Urban,Gujarat,8,Average,59.86,2,No,Government,0
S499,Krishna Reddy,11,Male,ST,Rural,Maharashtra,4,Average,96.02,4,No,Government,0
S500,Arjun Singh,6,Female,General,Semi-urban,Kerala,5,Excellent,91.59,5,Yes,Private,1
S501,Myra Kumar,9,Male,SC,Rural,Rajasthan,4,Average,99.9,5,No,Aided,0
S502,Rohan Singh,16,Female,General,Urban,Uttar Pradesh,5,Poor,86.38,2,No,Private,1
S503,Arjun Das,11,Female,General,Rural,Bihar,9,Poor,67.16,2,No,Aided,1
S504,Rohan Patel,14,Female,ST,Semi-urban,Rajasthan,1,Poor,72.06,1,Yes,Aided,1
S505,Arjun Singh,9,Male,General,Rural,Bihar,8,Good,92.16,5,Yes,Aided,1
S506,Ishaan Reddy,17,Male,General,Rural,Bihar,1,Average,90.9,0,No,Aided,1
S507,Ananya Das,18,Male,OBC,Rural,Karnataka,3,Good,77.12,3,No,Government,1
S508,Rohan Kumar,18,Male,ST,Urban,Gujarat,4,Poor,53.99,0,Yes,Aided,1
S509,Vihaan Das,16,Female,SC,Semi-urban,Maharashtra,3,Average,68.67,0,Yes,Government,0
S510,Kavya Das,11,Male,OBC,Semi-urban,Rajasthan,7,Good,42.12,1,No,Aided,1
S511,Aryan Singh,15,Female,General,Semi-urban,Gujarat,7,Average,42.37,1,Yes,Government,0
S512,Aarav Sharma,15,Female,OBC,Semi-urban,Bihar,1,Average,51.21,0,Yes,Private,0
S513,Vivaan Kumar,9,Male,SC,Rural,Rajasthan,7,Good,67.66,2,Yes,Aided,1
S514,Ananya Das,12,Male,ST,Semi-urban,Tamil Nadu,9,Good,84.36,4,No,Aided,0
S515,Sai Kumar,9,Male,General,Semi-urban,Kerala,12,Good,64.45,5,No,Aided,1
S516,Anika Kumar,10,Male,SC,Semi-urban,Kerala,6,Average,64.06,1,Yes,Aided,1
S517,Diya Singh,18,Female,ST,Urban,Rajasthan,6,Good,95.35,0,No,Aided,0
S518,Kavya Sharma,10,Male,OBC,Semi-urban,Gujarat,6,Excellent,43.26,4,No,Private,0
S519,Aryan Singh,18,Female,OBC,Rural,Tamil Nadu,8,Good,97.7,4,Yes,Government,1
S520,Riya Reddy,14,Male,ST,Semi-urban,Tamil Nadu,1,Good,83.52,2,No,Government,1
S521,Aryan Sharma,6,Male,ST,Semi-urban,Tamil Nadu,5,Excellent,51.62,3,No,Private,0
S522,Ananya Singh,12,Female,ST,Semi-urban,Kerala,11,Poor,99.81,3,Yes,Government,0
S523,Sai Das,12,Male,General,Semi-urban,Kerala,9,Good,41.63,2,No,Government,1
S524,Rohan Das,14,Male,ST,Urban,Bihar,3,Average,71.86,2,No,Private,1
S525,Ira Kumar,16,Female,OBC,Rural,Karnataka,11,Good,92.51,2,Yes,Aided,1
S526,Myra Das,18,Female,OBC,Semi-urban,Tamil Nadu,1,Average,86.09,4,No,Private,0
S527,Riya Reddy,8,Female,General,Semi-urban,Uttar Pradesh,2,Excellent,93.51,5,No,Aided,1
S528,Anika Reddy,17,Male,General,Semi-urban,Kerala,6,Excellent,67.24,0,Yes,Aided,1
S529,Ira Patel,6,Male,SC,Rural,Bihar,7,Poor,72.74,4,Yes,Government,1
S530,Sai Singh,14,Male,SC,Urban,Kerala,5,Good,78.02,5,Yes,Private,1
S531,Saanvi Singh,7,Male,SC,Rural,Uttar Pradesh,10,Good,72.91,3,No,Private,1
S532,Sai Reddy,17,Male,General,Rural,Bihar,12,Average,91.48,5,No,Private,0
S533,Ananya Sharma,18,Female,General,Urban,Gujarat,3,Poor,77.56,2,No,Government,0
S534,Saanvi Reddy,15,Female,General,Semi-urban,Uttar Pradesh,4,Good,47.91,0,No,Government,0
S535,Myra Das,13,Male,OBC,Semi-urban,Bihar,8,Excellent,54.02,2,No,Aided,1
S536,Saanvi Das,7,Female,OBC,Rural,Karnataka,3,Good,52.68,0,No,Aided,1
S537,Anika Reddy,7,Male,ST,Rural,Karnataka,2,Excellent,93.21,0,No,Government,1
S538,Kavya Kumar,18,Female,ST,Rural,Kerala,3,Average,55.4,1,Yes,Aided,1
S539,Vihaan Patel,11,Female,OBC,Semi-urban,Rajasthan,8,Poor,93.71,3,No,Government,0
S540,Krishna Sharma,11,Male,SC,Urban,Gujarat,5,Excellent,94.42,1,No,Private,0
S541,Aarohi Reddy,12,Female,SC,Rural,Karnataka,12,Good,43.51,2,Yes,Aided,1
S542,Arjun Kumar,13,Female,OBC,Urban,Bihar,1,Excellent,53.41,0,No,Government,1
S543,Aarav Kumar,15,Female,ST,Semi-urban,Gujarat,5,Good,79.47,5,Yes,Government,0
S544,Krishna Kumar,12,Female,SC,Semi-urban,Maharashtra,2,Excellent,55.56,3,Yes,Aided,0
S545,Aditya Patel,11,Male,SC,Rural,Gujarat,11,Average,84.87,3,No,Government,0
S546,Aditya Singh,18,Female,OBC,Semi-urban,Kerala,8,Poor,67.22,2,No,Aided,0
S547,Vivaan Singh,11,Female,SC,Urban,Tamil Nadu,7,Good,93.51,2,Yes,Government,0
S548,Ananya Sharma,12,Female,SC,Rural,Bihar,1,Poor,73.21,1,No,Aided,0
S549,Myra Sharma,17,Female,ST,Urban,Tamil Nadu,10,Good,59.79,2,No,Private,0
S550,Ira Kumar,18,Female,OBC,Rural,Bihar,1,Good,56.09,3,No,Aided,1
S551,Arjun Singh,8,Female,General,Rural,Rajasthan,7,Average,81.27,2,Yes,Aided,1
S552,Arjun Kumar,14,Female,General,Semi-urban,Maharashtra,7,Average,43.43,4,No,Government,0
S553,Vihaan Singh,16,Male,General,Urban,Rajasthan,9,Poor,90.25,5,No,Private,1
S554,Aryan Reddy,8,Male,OBC,Rural,Bihar,1,Poor,89.73,5,Yes,Government,0
S555,Vivaan Das,18,Male,General,Urban,Gujarat,12,Excellent,46.57,5,No,Government,1
S556,Ira Sharma,14,Male,OBC,Urban,Tamil Nadu,7,Excellent,80.59,4,Yes,Government,0
S557,Myra Kumar,10,Female,OBC,Urban,Tamil Nadu,11,Good,78.69,2,No,Private,1
S558,Sai Reddy,18,Male,General,Semi-urban,Uttar Pradesh,2,Average,90.19,4,Yes,Private,1
S559,Saanvi Reddy,10,Female,SC,Rural,Maharashtra,1,Average,41.43,1,Yes,Aided,1
S560,Vivaan Sharma,8,Male,General,Urban,Kerala,9,Average,89.17,3,No,Government,0
S561,Aryan Kumar,10,Female,ST,Rural,Maharashtra,5,Excellent,94.47,0,No,Private,1
S562,Ishaan Sharma,16,Male,General,Urban,Maharashtra,8,Good,86.11,0,No,Aided,0
S563,Ishaan Das,13,Male,General,Urban,Bihar,4,Excellent,87.75,0,No,Aided,1
S564,Saanvi Reddy,14,Female,ST,Rural,Gujarat,1,Average,81.99,1,No,Government,0
S565,Ishaan Sharma,7,Male,OBC,Rural,Maharashtra,10,Good,82.3,0,No,Private,0
S566,Vihaan Kumar,15,Male,ST,Rural,Rajasthan,10,Poor,97.41,4,No,Private,0
S567,Aadhya Das,7,Female,OBC,Semi-urban,Rajasthan,12,Average,76.38,0,Yes,Private,1
S568,Ishaan Sharma,17,Female,General,Urban,Gujarat,9,Average,73.74,3,Yes,Aided,0
S569,Aditya Kumar,14,Male,ST,Rural,Tamil Nadu,9,Excellent,62.47,3,No,Private,0
S570,Ishaan Patel,10,Male,ST,Urban,Karnataka,4,Excellent,98.75,1,No,Aided,0
S571,Ishaan Sharma,13,Male,ST,Rural,Rajasthan,12,Poor,86.77,0,No,Aided,0
S572,Myra Reddy,8,Male,ST,Urban,Uttar Pradesh,8,Excellent,67.53,4,No,Private,1
S573,Vihaan Singh,15,Female,SC,Rural,Gujarat,12,Average,73.63,2,No,Private,0
S574,Diya Kumar,14,Female,SC,Semi-urban,Kerala,6,Excellent,54.17,4,Yes,Private,0
S575,Anika Das,8,Female,General,Rural,Karnataka,9,Poor,57.78,4,Yes,Aided,0
S576,Krishna Kumar,10,Female,ST,Semi-urban,Kerala,4,Good,73.37,0,Yes,Aided,1
S577,Saanvi Sharma,10,Female,ST,Urban,Tamil Nadu,3,Good,49.55,0,No,Private,1
S578,Aditya Das,13,Female,OBC,Urban,Maharashtra,2,Excellent,69.38,3,No,Private,1
S579,Ananya Reddy,10,Male,General,Rural,Gujarat,1,Poor,89.12,2,Yes,Private,0
S580,Aadhya Das,15,Female,ST,Urban,Maharashtra,9,Excellent,68.17,5,No,Private,0
S581,Diya Das,9,Female,SC,Rural,Kerala,8,Poor,67.2,2,No,Government,1
S582,Arjun Patel,9,Male,General,Rural,Rajasthan,10,Poor,45.74,2,Yes,Aided,0
S583,Kavya Reddy,12,Male,ST,Semi-urban,Maharashtra,2,Average,88.92,4,No,Private,1
S584,Riya Kumar,17,Male,SC,Urban,Tamil Nadu,1,Average,49.28,2,No,Private,0
S585,Rohan Reddy,11,Male,OBC,Rural,Uttar Pradesh,12,Average,90.66,0,Yes,Government,1
S586,Diya Singh,14,Female,SC,Urban,Tamil Nadu,12,Average,90.36,0,Yes,Government,0
S587,Aarav Patel,17,Male,General,Urban,Kerala,3,Excellent,57.25,1,No,Aided,1
S588,Ishaan Singh,17,Female,SC,Urban,Tamil Nadu,1,Poor,86.86,0,Yes,Aided,0
S589,Arjun Kumar,17,Female,ST,Rural,Bihar,12,Good,95.03,5,Yes,Government,1
S590,Sai Singh,6,Male,OBC,Urban,Uttar Pradesh,1,Excellent,51.67,4,Yes,Private,0
S591,Saanvi Reddy,10,Female,OBC,Urban,Maharashtra,12,Average,87.57,1,Yes,Aided,1
S592,Ananya Kumar,14,Female,General,Urban,Bihar,9,Average,63.69,2,No,Government,1
S593,Aarav Sharma,11,Female,ST,Semi-urban,Bihar,7,Good,68.66,0,No,Government,0
S594,Ira Das,7,Female,OBC,Rural,Karnataka,3,Poor,66.15,0,No,Government,0
S595,Ishaan Singh,14,Female,SC,Rural,Karnataka,1,Good,56.81,2,Yes,Private,0
S596,Krishna Reddy,18,Female,OBC,Urban,Tamil Nadu,8,Good,45.76,2,No,Aided,0
S597,Aryan Singh,7,Female,General,Rural,Kerala,12,Good,80.83,5,Yes,Private,1
S598,Sai Kumar,7,Male,SC,Semi-urban,Maharashtra,6,Average,95.59,2,No,Private,1
S599,Vivaan Reddy,13,Female,ST,Rural,Karnataka,9,Good,40.89,3,No,Government,1
S600,Kavya Das,18,Female,SC,Semi-urban,Gujarat,2,Excellent,71.01,3,No,Aided,0
